{"cameraMode":{"drawMode":0,"name":"Shaded","section":"Shading Mode"},"sceneLighting":true,"audioPlay":false,"sceneViewState":{"showFog":true,"showMaterialUpdate":false,"showSkybox":true,"showFlares":true,"showImageEffects":true,"showParticleSystems":true},"in2DMode":false,"pivot":{"x":-7.269909381866455,"y":7.866887092590332,"z":9.541702270507813},"rotation":{"x":-0.18000049889087678,"y":0.3092452585697174,"z":-0.05974273383617401,"w":-0.9318909645080566},"size":22.159866333007814,"orthographic":false}