{"cameraMode":{"drawMode":0,"name":"Shaded","section":"Shading Mode"},"sceneLighting":true,"audioPlay":false,"sceneViewState":{"showFog":true,"showMaterialUpdate":false,"showSkybox":true,"showFlares":true,"showImageEffects":true,"showParticleSystems":true},"in2DMode":false,"pivot":{"x":2.2277398109436037,"y":9.535355567932129,"z":-1.060349464416504},"rotation":{"x":-0.36849913001060488,"y":0.4320591986179352,"z":-0.19936372339725495,"w":-0.7986243367195129},"size":3.1797027587890627,"orthographic":false}