{"cameraMode":{"drawMode":0,"name":"Shaded","section":"Shading Mode"},"sceneLighting":true,"audioPlay":false,"sceneViewState":{"showFog":true,"showMaterialUpdate":false,"showSkybox":true,"showFlares":true,"showImageEffects":true,"showParticleSystems":true},"in2DMode":false,"pivot":{"x":-10.38868236541748,"y":4.305953025817871,"z":15.212284088134766},"rotation":{"x":-0.15349909663200379,"y":0.33312731981277468,"z":-0.055072709918022159,"w":-0.9286839365959168},"size":22.159866333007814,"orthographic":false}